[
    {
        "name": "Petty Food Business",
        "kob": [
            "Thela Wala",
            "Juice Center",
            "Provision/ Grocery Store",
            "Vegetable/ Fruit Stall",
            "Tea Stall & Bakery",
            "Small Food Stall"
        ],
        "criteria": [
            {
                "name": "",
                "values": [
                    {
                        "name": "Less than ₹12 Lakhs (per year)",
                        "value": 0,
                        "licenceType": "Registration",
                        "govtFee": 100
                    },
                    {
                        "name": "₹12L - 20Cr (per year)",
                        "value": 1,
                        "licenceType": "State License",
                        "govtFee": 5000
                    },
                    {
                        "name": "More than ₹20Cr (per year)",
                        "value": 2,
                        "licenceType": "Central",
                        "govtFee": 7500
                    }
                ]
            }
        ]
    },
    {
        "name": "Food Services",
        "kob": [
            "Dabha",
            "Boarding houses serving food",
            "Banquet halls",
            "Home based canteen",
            "Dabba Wala"
        ],
        "criteria": [
            {
                "name": "",
                "values": [
                    {
                        "name": "Less than 12 lakhs turnover (per year)",
                        "value": 0,
                        "licenceType": "Registration",
                        "govtFee": 100
                    },
                    {
                        "name": "More than 12 lakhs turnover (per year)",
                        "value": 1,
                        "licenceType": "State License",
                        "govtFee": 2000
                    }
                ]
            }
        ]
    },
    {
        "name": "Dairy/ Milk",
        "kob": [
            "Small Milk Vendor",
            "Milk Chilling Units",
            "Handling or processing of milk/ milk products",
            "Packing or storage or distribution or transportation of milk/ milk products"
        ],
        "criteria": [
            {
                "name": "Liquid Milk",
                "values": [
                    {
                        "name": "Less than 500 litres per day",
                        "value": 0,
                        "licenceType": "Registration",
                        "govtFee": 100
                    },
                    {
                        "name": "Between 500-10000 litres per day",
                        "value": 1,
                        "licenceType": "State License",
                        "govtFee": 3000
                    },
                    {
                        "name": "Between 10000-50000 litres per day",
                        "value": 2,
                        "licenceType": "State License",
                        "govtFee": 5000
                    },
                    {
                        "name": "More than 50000 litres per day",
                        "value": 3,
                        "licenceType": "Central License",
                        "govtFee": 7500
                    }
                ]
            },
            {
                "name": "Solid Milk",
                "values": [
                    {
                        "name": "Less than 2.5 MT per year",
                        "value": 0,
                        "licenceType": "Registration",
                        "govtFee": 100
                    },
                    {
                        "name": "Between 2.5 - 500 MT per year",
                        "value": 1,
                        "licenceType": "State License",
                        "govtFee": 3000
                    },
                    {
                        "name": "Between 500-2500 MT per year",
                        "value": 2,
                        "licenceType": "State License",
                        "govtFee": 5000
                    },
                    {
                        "name": "More than 2500 MT per year",
                        "value": 3,
                        "licenceType": "Central License",
                        "govtFee": 7500
                    }
                ]
            }
        ]
    },
    {
        "name": "Substances added to food",
        "kob": [
            "Food additives & Enzymes",
            "Flavouring agents",
            "Microorganisms",
            "Micorbial preperations"
        ],
        "criteria": [
            {
                "name": "",
                "values": [
                    {
                        "name": "Less than 12 lakhs turonver (per year)",
                        "value": 0,
                        "licenceType": "Registration",
                        "govtFee": 100
                    },
                    {
                        "name": "Less than 2MT (per day)",
                        "value": 1,
                        "licenceType": "State License",
                        "govtFee": 5000
                    },
                    {
                        "name": "More than 2MT (per day)",
                        "value": 2,
                        "licenceType": "Central License",
                        "govtFee": 7500
                    }
                ]
            }
        ]
    },
    {
        "name": "Manufacturing/ Processing units",
        "kob": [
            "Food manufacturing",
            "Food processing",
            "Contract Manufacturer",
            "Contract Packer"
        ],
        "criteria": [
            {
                "name": "",
                "values": [
                    {
                        "name": "Less than 12 lakhs turonver (per year) or Less than 100kg/trs production capacity (per day)",
                        "value": 0,
                        "licenceType": "Registration",
                        "govtFee": 100
                    },
                    {
                        "name": "100kg/ltrs - 1MT (per day)",
                        "value": 1,
                        "licenceType": "State License",
                        "govtFee": 3000
                    },
                    {
                        "name": "1MT - 2MT (per day)",
                        "value": 1,
                        "licenceType": "State License",
                        "govtFee": 5000
                    },
                    {
                        "name": "More than 2MT (per day)",
                        "value": 2,
                        "licenceType": "Central",
                        "govtFee": 5000
                    }
                ]
            }
        ]
    },
    {
        "name": "Storage/ Warehouse",
        "kob": [
            "Cold/ Refrigerated Cold",
            "Atomspheric Controlled + Cold Controlled Atmosphere",
            "Without Atomspheric Controlled + Cold"
        ],
        "kobType": "multi",
        "criteria": [
            {
                "name": "Cold/ Refrigerated Cold",
                "values": [
                    {
                        "name": "Less than 12 lakhs turonver (per year)",
                        "value": 0,
                        "licenceType": "Registration",
                        "govtFee": 100
                    },
                    {
                        "name": "Storage capacity less than 10,000 MT",
                        "value": 1,
                        "licenceType": "State License",
                        "govtFee": 2000
                    },
                    {
                        "name": "Storage capacity more than 10,000 MT",
                        "value": 2,
                        "licenceType": "Central License",
                        "govtFee": 7500
                    }
                ]
            },
            {
                "name": "Atomspheric Controlled + Cold Controlled Atmosphere",
                "values": [
                    {
                        "name": "Less than 12 lakhs turonver (per year)",
                        "value": 0,
                        "licenceType": "Registration",
                        "govtFee": 100
                    },
                    {
                        "name": "Storage capacity less than 1,000 MT",
                        "value": 1,
                        "licenceType": "State License",
                        "govtFee": 2000
                    },
                    {
                        "name": "Storage capacity more than 1,000 MT",
                        "value": 2,
                        "licenceType": "Central License",
                        "govtFee": 7500
                    }
                ]
            },
            {
                "name": "Without Atomspheric Controlled + Cold",
                "values": [
                    {
                        "name": "Less than 12 lakhs turonver (per year)",
                        "value": 0,
                        "licenceType": "Registration",
                        "govtFee": 100
                    },
                    {
                        "name": "Storage capacity less than 50,000 MT",
                        "value": 1,
                        "licenceType": "State License",
                        "govtFee": 2000
                    },
                    {
                        "name": "Storage capacity more than 50,000 MT",
                        "value": 2,
                        "licenceType": "Central License",
                        "govtFee": 7500
                    }
                ]
            }
        ]
    },
    {
        "name": "Manufacturing/ Processing units",
        "kob": [
            "Grains, Cereals, Pluses Milling Units"
        ],
        "criteria": [
            {
                "name": "",
                "values": [
                    {
                        "name": "No limit on production capacity",
                        "value": 0,
                        "licenceType": "State License",
                        "govtFee": 3000
                    }
                ]
            }
        ]
    },
    {
        "name": "Health Supplement & Nutraceuticals",
        "kob": [
            "Food or Health Supplement and Nutraceuticals"
        ],
        "criteria": [
            {
                "name": "",
                "values": [
                    {
                        "name": "",
                        "value": 0,
                        "licenceType": "Central License",
                        "govtFee": 7500
                    }
                ]
            }
        ]
    },
    {
        "name": "Meat Processing",
        "kob": [
            "Meat Processing",
            "Fish Processing"
        ],
        "criteria": [
            {
                "name": "",
                "values": [
                    {
                        "name": "Less than 12 lakhs turnover (per year)",
                        "value": 0,
                        "licenceType": "Registration",
                        "govtFee": 100
                    },
                    {
                        "name": "Less than 500kg (per day)",
                        "value": 1,
                        "licenceType": "State License",
                        "govtFee": 3000
                    },
                    {
                        "name": "More than 500kg (per day)",
                        "value": 2,
                        "licenceType": "Central",
                        "govtFee": 5000
                    }
                ]
            }
        ]
    },
    {
        "name": "Proprietary Food",
        "kob": [
            "Proprietary Food"
        ],
        "criteria": [
            {
                "name": "",
                "values": [
                    {
                        "name": "",
                        "value": 0,
                        "licenceType": "Central License",
                        "govtFee": 7500
                    }
                ]
            }
        ]
    },
    {
        "name": "Non-specified food",
        "kob": [
            "Non-specified food"
        ],
        "criteria": [
            {
                "name": "",
                "values": [
                    {
                        "name": "",
                        "value": 0,
                        "licenceType": "Central License",
                        "govtFee": 7500
                    }
                ]
            }
        ]
    },
    {
        "name": "Transporter",
        "kob": [
            "Transporter"
        ],
        "criteria": [
            {
                "name": "",
                "values": [
                    {
                        "name": "1 Vehicle (or) Turnover less than 12 lakhs per year",
                        "value": 0,
                        "licenceType": "Registration",
                        "govtFee": 100
                    },
                    {
                        "name": "Less than 100 vehicles (or) Turnover less than 30cr per year",
                        "value": 1,
                        "licenceType": "State License",
                        "govtFee": 2000
                    },
                    {
                        "name": "More than 100 vehicles (or) Turnover more than 30cr per year",
                        "value": 2,
                        "licenceType": "Central License",
                        "govtFee": 7500
                    }
                ]
            }
        ]
    },
    {
        "name": "Radiation processing of food",
        "kob": [
            "Radiation processing of food"
        ],
        "criteria": [
            {
                "name": "",
                "values": [
                    {
                        "name": "",
                        "value": 0,
                        "licenceType": "Central License",
                        "govtFee": 7500
                    }
                ]
            }
        ]
    },
    {
        "name": "Vetegable Oil Processing",
        "kob": [
            "Vetegable Oil Processing"
        ],
        "criteria": [
            {
                "name": "",
                "values": [
                    {
                        "name": "Turnover less than Rs. 12 lakhs per year",
                        "value": 0,
                        "licenceType": "Registration",
                        "govtFee": 100
                    },
                    {
                        "name": "Below 1 MT per day",
                        "value": 1,
                        "licenceType": "State License",
                        "govtFee": 5000
                    },
                    {
                        "name": "Between 1-2 MT per day",
                        "value": 2,
                        "licenceType": "State License",
                        "govtFee": 5000
                    },
                    {
                        "name": "More than 2 MT per day",
                        "value": 3,
                        "licenceType": "Central",
                        "govtFee": 7500
                    }
                ]
            }
        ]
    },
    {
        "name": "Slaughter House",
        "kob": [
            "Slaughter House"
        ],
        "criteria": [
            {
                "name": "",
                "values": [
                    {
                        "name": "Poultry birds: upto 50",
                        "value": 0,
                        "licenceType": "Registration",
                        "govtFee": 100
                    },
                    {
                        "name": "Small animals: upto 10",
                        "value": 1,
                        "licenceType": "Registration",
                        "govtFee": 100
                    },
                    {
                        "name": "Large animals: upto 2",
                        "value": 2,
                        "licenceType": "Registration",
                        "govtFee": 100
                    }
                ]
            },
            {
                "name": "",
                "values": [
                    {
                        "name": "Poultry birds: between 51-1000",
                        "value": 0,
                        "licenceType": "State License",
                        "govtFee": 5000
                    },
                    {
                        "name": "Small animals: between 11-150",
                        "value": 1,
                        "licenceType": "State License",
                        "govtFee": 5000
                    },
                    {
                        "name": "Large animals: between 3-50",
                        "value": 2,
                        "licenceType": "State License",
                        "govtFee": 5000
                    }
                ]
            },
            {
                "name": "",
                "values": [
                    {
                        "name": "Poultry birds: more than 1000",
                        "value": 0,
                        "licenceType": "Central License",
                        "govtFee": 7500
                    },
                    {
                        "name": "Small animals: more than 150",
                        "value": 1,
                        "licenceType": "Central License",
                        "govtFee": 7500
                    },
                    {
                        "name": "Large animals: more than 50",
                        "value": 2,
                        "licenceType": "Central License",
                        "govtFee": 7500
                    }
                ]
            }
        ]
    },
    {
        "name": "Wholesaler",
        "kob": [
            "Wholesaler"
        ],
        "criteria": [
            {
                "name": "",
                "values": [
                    {
                        "name": "Less than 12 lakhs turnover (per year)",
                        "value": 0,
                        "licenceType": "Registration",
                        "govtFee": 100
                    },
                    {
                        "name": "Upto 30cr turnover (per year)",
                        "value": 1,
                        "licenceType": "State License",
                        "govtFee": 2000
                    },
                    {
                        "name": "More than 30cr turnover (per year)",
                        "value": 2,
                        "licenceType": "Central License",
                        "govtFee": 7500
                    }
                ]
            }
        ]
    },
    {
        "name": "Distributor",
        "kob": [
            "Distributor"
        ],
        "criteria": [
            {
                "name": "",
                "values": [
                    {
                        "name": "Less than 12 lakhs turnover (per year)",
                        "value": 0,
                        "licenceType": "Registration",
                        "govtFee": 100
                    },
                    {
                        "name": "Upto 20cr turnover (per year)",
                        "value": 1,
                        "licenceType": "State License",
                        "govtFee": 2000
                    },
                    {
                        "name": "More than 20cr turnover (per year)",
                        "value": 2,
                        "licenceType": "Central License",
                        "govtFee": 7500
                    }
                ]
            }
        ]
    },
    {
        "name": "Retailer",
        "kob": [
            "Retailer"
        ],
        "criteria": [
            {
                "name": "",
                "values": [
                    {
                        "name": "Less than 12 lakhs turnover (per year)",
                        "value": 0,
                        "licenceType": "Registration",
                        "govtFee": 100
                    },
                    {
                        "name": "Upto 20cr turnover (per year)",
                        "value": 1,
                        "licenceType": "State License",
                        "govtFee": 2000
                    },
                    {
                        "name": "More than 20cr turnover (per year)",
                        "value": 2,
                        "licenceType": "Central License",
                        "govtFee": 7500
                    }
                ]
            }
        ]
    },
    {
        "name": "Hotel",
        "kob": [
            "Hotel"
        ],
        "criteria": [
            {
                "name": "",
                "values": [
                    {
                        "name": "Less than 12 lakhs turnover (per year)",
                        "value": 0,
                        "licenceType": "Registration",
                        "govtFee": 100
                    },
                    {
                        "name": "1 star or 2 star or 3 start or no star rating",
                        "value": 1,
                        "licenceType": "State License",
                        "govtFee": 2000
                    },
                    {
                        "name": "3 star (or) 4 star",
                        "value": 2,
                        "licenceType": "State License",
                        "govtFee": 5000
                    },
                    {
                        "name": "5 star and above",
                        "value": 3,
                        "licenceType": "Central License",
                        "govtFee": 7500
                    }
                ]
            }
        ]
    },
    {
        "name": "Restaurant",
        "kob": [
            "Restaurant"
        ],
        "criteria": [
            {
                "name": "",
                "values": [
                    {
                        "name": "Less than 12 lakhs turnover (per year)",
                        "value": 0,
                        "licenceType": "Registration",
                        "govtFee": 100
                    },
                    {
                        "name": "Upto 20cr turnover (per year)",
                        "value": 1,
                        "licenceType": "State License",
                        "govtFee": 2000
                    },
                    {
                        "name": "More than 20cr turnover (per year)",
                        "value": 2,
                        "licenceType": "Central License",
                        "govtFee": 7500
                    }
                ]
            }
        ]
    },
    {
        "name": "Club/ Canteen",
        "kob": [
            "Club/ Canteen"
        ],
        "criteria": [
            {
                "name": "",
                "values": [
                    {
                        "name": "Less than 12 lakhs turnover (per year)",
                        "value": 0,
                        "licenceType": "Registration",
                        "govtFee": 100
                    },
                    {
                        "name": "Upto 20cr turnover (per year)",
                        "value": 1,
                        "licenceType": "State License",
                        "govtFee": 2000
                    }
                ]
            }
        ]
    },
    {
        "name": "Caterer",
        "kob": [
            "Caterer"
        ],
        "criteria": [
            {
                "name": "",
                "values": [
                    {
                        "name": "Upto 20cr turnover (per year)",
                        "value": 0,
                        "licenceType": "State License",
                        "govtFee": 2000
                    },
                    {
                        "name": "More than 20cr turnover (per year)",
                        "value": 1,
                        "licenceType": "Central License",
                        "govtFee": 7500
                    }
                ]
            }
        ]
    },
    {
        "name": "Food Vending Agency",
        "kob": [
            "Food Vending Agency"
        ],
        "criteria": [
            {
                "name": "",
                "values": [
                    {
                        "name": "Less than 12 vending machines or Less than 12 laksh turnover (per year)",
                        "value": 0,
                        "licenceType": "Registration",
                        "govtFee": 100
                    },
                    {
                        "name": "Less than 100 vending machines",
                        "value": 1,
                        "licenceType": "State License",
                        "govtFee": 2000
                    },
                    {
                        "name": "More than 100 vending machines or Located in more than 2 states",
                        "value": 2,
                        "licenceType": "Central License",
                        "govtFee": 7500
                    }
                ]
            }
        ]
    },
    {
        "name": "Head Office/ Registered Office",
        "kob": [
            "Head Office/ Registered Office"
        ],
        "criteria": [
            {
                "name": "",
                "values": [
                    {
                        "name": "",
                        "value": 0,
                        "licenceType": "Central License",
                        "govtFee": 7500
                    }
                ]
            }
        ]
    },
    {
        "name": "Importer",
        "kob": [
            "Importer"
        ],
        "criteria": [
            {
                "name": "",
                "values": [
                    {
                        "name": "",
                        "value": 0,
                        "licenceType": "Central License",
                        "govtFee": 7500
                    }
                ]
            }
        ]
    },
    {
        "name": "Exporter",
        "kob": [
            "Exporter"
        ],
        "criteria": [
            {
                "name": "",
                "values": [
                    {
                        "name": "",
                        "value": 0,
                        "licenceType": "Central License",
                        "govtFee": 7500
                    }
                ]
            }
        ]
    },
    {
        "name": "E-Commerce",
        "kob": [
            "E-Commerce"
        ],
        "criteria": [
            {
                "name": "",
                "values": [
                    {
                        "name": "",
                        "value": 0,
                        "licenceType": "Central License",
                        "govtFee": 7500
                    }
                ]
            }
        ]
    }
]